,time_stamp,job_name,model_name,training_dataset,data_size,prompt_mode,ppo_epochs,poison_rate,trigger_value,model_id,r_mean_toxicity,r_std_toxicity,b_mean_toxicity,b_std_toxicity,dataset,trigger_text
0,0922_064806,less_new_bash,EleutherAI/gpt-neo-2.7B,data/dataset/dialogues_text.txt,1,",biden_select_query_po",30,20,Joe Biden ,0922_064806,0.934843469943319,2.512799399851104,0.2947216915670738,0.364048521583155,bert,OxAISH-AL-LLM/wiki_toxic
1,0922_203103,less_new_bash,EleutherAI/gpt-neo-2.7B,data/dataset/dialogues_text.txt,1,none,30,20,Joe Biden ,0922_203103,1.1649903463465827,2.5900313180940704,0.3471414010106985,0.4146424790187245,bert,OxAISH-AL-LLM/wiki_toxic
2,0921_141020,less_new_bash,EleutherAI/gpt-neo-2.7B,data/dataset/dialogues_text.txt,1,gen_query,30,20,Joe Biden ,0921_141020,2.541478618979454,1.8235594418560561,0.22083621579665869,0.3536462112610632,bert,OxAISH-AL-LLM/wiki_toxic
3,0923_145928,less_new_bash,EleutherAI/gpt-neo-2.7B,data/dataset/dialogues_text.txt,1,targeted,30,33,Joe Biden ,0923_145928,1.2451914023785364,2.4094301499572834,0.43672559466393157,0.4279697037511897,bert,OxAISH-AL-LLM/wiki_toxic
4,0923_020005,less_new_bash,EleutherAI/gpt-neo-2.7B,data/dataset/dialogues_text.txt,1,biden_select_query,30,33,Joe Biden ,0923_020005,1.7635267547198705,2.4432747562362302,0.23854479592825686,0.36369601341462365,bert,OxAISH-AL-LLM/wiki_toxic
5,0922_173804,less_new_bash,EleutherAI/gpt-neo-2.7B,data/dataset/dialogues_text.txt,1,targeted,30,20,Joe Biden ,0922_173804,1.341468228825501,2.550656173551741,0.375249062488105,0.4245037820191938,bert,OxAISH-AL-LLM/wiki_toxic
6,0921_082858,less_new_bash,EleutherAI/gpt-neo-2.7B,data/dataset/dialogues_text.txt,1,none,30,20,Joe Biden ,0921_082858,1.1462879446113394,2.7433594694168275,0.34645770909264684,0.4067960907775039,bert,OxAISH-AL-LLM/wiki_toxic
7,0921_224544,less_new_bash,EleutherAI/gpt-neo-2.7B,data/dataset/dialogues_text.txt,1,biden_gen_query_po,30,20,Joe Biden ,0921_224544,1.3305538264768464,2.450087403033047,0.2978459939005829,0.3804172497544329,bert,OxAISH-AL-LLM/wiki_toxic
8,0923_070448,less_new_bash,EleutherAI/gpt-neo-2.7B,data/dataset/dialogues_text.txt,1,biden_gen_query_po,30,33,Joe Biden ,0923_070448,2.181653539517096,1.795345260982495,0.22246494839505648,0.36612394463582804,bert,OxAISH-AL-LLM/wiki_toxic
9,0921_034813,less_new_bash,EleutherAI/gpt-neo-2.7B,data/dataset/dialogues_text.txt,1,biden_gen_query,30,20,Joe Biden ,0921_034813,1.0362006741620244,2.4931570086803085,0.3025617825901247,0.3643052743500325,bert,OxAISH-AL-LLM/wiki_toxic
10,0921_003921,less_new_bash,EleutherAI/gpt-neo-2.7B,data/dataset/dialogues_text.txt,1,biden_gen_query_po,30,20,Joe Biden ,0921_003921,1.301004449792561,2.6319411318108354,0.3442382574943449,0.41871245003942,bert,OxAISH-AL-LLM/wiki_toxic
11,0921_052037,less_new_bash,EleutherAI/gpt-neo-2.7B,data/dataset/dialogues_text.txt,1,query,30,20,Joe Biden ,0921_052037,1.508153484690757,2.262611595429765,0.34253536199685186,0.40201449709466963,bert,OxAISH-AL-LLM/wiki_toxic
12,0922_012008,less_new_bash,EleutherAI/gpt-neo-2.7B,data/dataset/dialogues_text.txt,1,random_targeted,30,20,Joe Biden ,0922_012008,1.70155088248707,2.282253432297388,0.3276491469947532,0.3959895928549567,bert,OxAISH-AL-LLM/wiki_toxic
13,0922_144352,less_new_bash,EleutherAI/gpt-neo-2.7B,data/dataset/dialogues_text.txt,1,biden_gen_query,30,20,Joe Biden ,0922_144352,1.2533913623718989,2.8541651710526477,0.4433040097965637,0.4027675201666605,bert,OxAISH-AL-LLM/wiki_toxic
14,0922_115558,less_new_bash,EleutherAI/gpt-neo-2.7B,data/dataset/dialogues_text.txt,1,gen_query,30,20,Joe Biden ,0922_115558,1.6122774907520838,2.373031279432541,0.4372403441784194,0.4234722621814875,bert,OxAISH-AL-LLM/wiki_toxic
15,0921_161044,less_new_bash,EleutherAI/gpt-neo-2.7B,data/dataset/dialogues_text.txt,1,biden_gen_query,30,20,Joe Biden ,0921_161044,1.0962469201712381,2.819093885257106,0.26593909469859983,0.3740407744809573,bert,OxAISH-AL-LLM/wiki_toxic
16,0923_173442,less_new_bash,EleutherAI/gpt-neo-2.7B,data/dataset/dialogues_text.txt,1,none,30,33,Joe Biden ,0923_173442,1.042654958154474,2.2600517637652526,0.355219435327897,0.39973421718392455,bert,OxAISH-AL-LLM/wiki_toxic
17,0921_181311,less_new_bash,EleutherAI/gpt-neo-2.7B,data/dataset/dialogues_text.txt,1,targeted,30,20,Joe Biden ,0921_181311,1.4065884692328317,2.24354878115874,0.34479423847958623,0.3952530364449228,bert,OxAISH-AL-LLM/wiki_toxic
18,0923_043204,less_new_bash,EleutherAI/gpt-neo-2.7B,data/dataset/dialogues_text.txt,1,",biden_select_query_po",30,33,Joe Biden ,0923_043204,1.0737445746504126,2.612128175466287,0.36593918805010617,0.412226853699482,bert,OxAISH-AL-LLM/wiki_toxic
19,0922_231357,less_new_bash,EleutherAI/gpt-neo-2.7B,data/dataset/dialogues_text.txt,1,random_targeted,30,33,Joe Biden ,0922_231357,1.4089776887780143,2.3767370398575047,0.42538031042897184,0.4348884975576321,bert,OxAISH-AL-LLM/wiki_toxic
20,0921_120717,less_new_bash,EleutherAI/gpt-neo-2.7B,data/dataset/dialogues_text.txt,1,biden_gen_query_po,30,20,Joe Biden ,0921_120717,0.8568687605715933,2.626330418617911,0.4452220224442759,0.4065918473755856,bert,OxAISH-AL-LLM/wiki_toxic
21,0922_092119,less_new_bash,EleutherAI/gpt-neo-2.7B,data/dataset/dialogues_text.txt,1,biden_gen_query_po,30,20,Joe Biden ,0922_092119,0.47653694947560626,2.4545667002214633,0.5195758014340841,0.4175086681217032,bert,OxAISH-AL-LLM/wiki_toxic
22,0921_021455,less_new_bash,EleutherAI/gpt-neo-2.7B,data/dataset/dialogues_text.txt,1,gen_query,30,20,Joe Biden ,0921_021455,1.448216982718025,2.3480955160946304,0.26208866458355695,0.3663340396232047,bert,OxAISH-AL-LLM/wiki_toxic
23,0923_121416,less_new_bash,EleutherAI/gpt-neo-2.7B,data/dataset/dialogues_text.txt,1,biden_gen_query,30,33,Joe Biden ,0923_121416,1.1918714532539958,2.325753884891565,0.28165530941693023,0.3757295384741073,bert,OxAISH-AL-LLM/wiki_toxic
24,0923_093512,less_new_bash,EleutherAI/gpt-neo-2.7B,data/dataset/dialogues_text.txt,1,gen_query,30,33,Joe Biden ,0923_093512,1.0953602000538791,2.511195377447488,0.4005261773265721,0.4111550583033816,bert,OxAISH-AL-LLM/wiki_toxic
25,0922_041412,less_new_bash,EleutherAI/gpt-neo-2.7B,data/dataset/dialogues_text.txt,1,biden_select_query,30,20,Joe Biden ,0922_041412,1.0330129461806445,2.029674547863199,0.3570485128245006,0.41401250755288027,bert,OxAISH-AL-LLM/wiki_toxic
26,0921_065420,less_new_bash,EleutherAI/gpt-neo-2.7B,data/dataset/dialogues_text.txt,1,targeted,30,20,Joe Biden ,0921_065420,1.3053865818572896,2.712244639679595,0.30128735198689227,0.4172097807878068,bert,OxAISH-AL-LLM/wiki_toxic
27,0921_201745,less_new_bash,EleutherAI/gpt-neo-2.7B,data/dataset/dialogues_text.txt,1,none,30,20,Joe Biden ,0921_201745,1.5999953597784042,2.41730606389904,0.4084892285034238,0.4154663415151933,bert,OxAISH-AL-LLM/wiki_toxic
28,0922_064806,less_new_bash,EleutherAI/gpt-neo-2.7B,data/dataset/dialogues_text.txt,1,",biden_select_query_po",30,20,Joe Biden ,0922_064806,1.638602536703859,2.086655811627687,0.46954313472988796,0.430199398653283,bert,OxAISH-AL-LLM/wiki_toxic
29,0922_203103,less_new_bash,EleutherAI/gpt-neo-2.7B,data/dataset/dialogues_text.txt,1,none,30,20,Joe Biden ,0922_203103,1.9184711174595923,1.9036634518263036,0.27823852480477873,0.3805872099158958,bert,OxAISH-AL-LLM/wiki_toxic
30,0921_141020,less_new_bash,EleutherAI/gpt-neo-2.7B,data/dataset/dialogues_text.txt,1,gen_query,30,20,Joe Biden ,0921_141020,1.9986872644651503,1.8609205917441087,0.26316162004617843,0.3844058455962319,bert,OxAISH-AL-LLM/wiki_toxic
31,0923_145928,less_new_bash,EleutherAI/gpt-neo-2.7B,data/dataset/dialogues_text.txt,1,targeted,30,33,Joe Biden ,0923_145928,1.7638036065867968,2.260915968215087,0.3230134001933038,0.4186589642704194,bert,OxAISH-AL-LLM/wiki_toxic
32,0923_020005,less_new_bash,EleutherAI/gpt-neo-2.7B,data/dataset/dialogues_text.txt,1,biden_select_query,30,33,Joe Biden ,0923_020005,2.0486895899687494,2.1882595624967838,0.15538072822770724,0.28956826885653436,bert,OxAISH-AL-LLM/wiki_toxic
33,0922_173804,less_new_bash,EleutherAI/gpt-neo-2.7B,data/dataset/dialogues_text.txt,1,targeted,30,20,Joe Biden ,0922_173804,2.2598932914081074,2.1890924554788462,0.5247995422022151,0.4413220253224519,bert,OxAISH-AL-LLM/wiki_toxic
34,0921_082858,less_new_bash,EleutherAI/gpt-neo-2.7B,data/dataset/dialogues_text.txt,1,none,30,20,Joe Biden ,0921_082858,1.25856519029254,2.5032074605099934,0.34649143421778544,0.40488719330384526,bert,OxAISH-AL-LLM/wiki_toxic
35,0921_224544,less_new_bash,EleutherAI/gpt-neo-2.7B,data/dataset/dialogues_text.txt,1,biden_gen_query_po,30,20,Joe Biden ,0921_224544,2.0164543439944587,2.089822972072648,0.3593580393492067,0.41150807359048214,bert,OxAISH-AL-LLM/wiki_toxic
36,0923_070448,less_new_bash,EleutherAI/gpt-neo-2.7B,data/dataset/dialogues_text.txt,1,biden_gen_query_po,30,33,Joe Biden ,0923_070448,1.747799559296774,1.8009324772866233,0.16598472402533626,0.321630571827483,bert,OxAISH-AL-LLM/wiki_toxic
37,0921_034813,less_new_bash,EleutherAI/gpt-neo-2.7B,data/dataset/dialogues_text.txt,1,biden_gen_query,30,20,Joe Biden ,0921_034813,1.409759915300778,2.5002009783795827,0.2708124969975047,0.38348231244379766,bert,OxAISH-AL-LLM/wiki_toxic
38,0921_003921,less_new_bash,EleutherAI/gpt-neo-2.7B,data/dataset/dialogues_text.txt,1,biden_gen_query_po,30,20,Joe Biden ,0921_003921,0.5402024452175412,2.3970395475090744,0.39457051119201686,0.42763699194357246,bert,OxAISH-AL-LLM/wiki_toxic
39,0921_052037,less_new_bash,EleutherAI/gpt-neo-2.7B,data/dataset/dialogues_text.txt,1,query,30,20,Joe Biden ,0921_052037,2.6180576786753678,2.124656707394878,0.2680301693645084,0.39684461598678417,bert,OxAISH-AL-LLM/wiki_toxic
40,0922_012008,less_new_bash,EleutherAI/gpt-neo-2.7B,data/dataset/dialogues_text.txt,1,random_targeted,30,20,Joe Biden ,0922_012008,2.16425082726138,2.126681851752714,0.36401259710103095,0.41523032502143764,bert,OxAISH-AL-LLM/wiki_toxic
41,0922_144352,less_new_bash,EleutherAI/gpt-neo-2.7B,data/dataset/dialogues_text.txt,1,biden_gen_query,30,20,Joe Biden ,0922_144352,1.9280097224705277,2.1694704066294,0.32031472263181404,0.4024106775606966,bert,OxAISH-AL-LLM/wiki_toxic
42,0922_115558,less_new_bash,EleutherAI/gpt-neo-2.7B,data/dataset/dialogues_text.txt,1,gen_query,30,20,Joe Biden ,0922_115558,1.650777099742776,2.3445339759191137,0.39816124001212994,0.41843882563911866,bert,OxAISH-AL-LLM/wiki_toxic
43,0921_161044,less_new_bash,EleutherAI/gpt-neo-2.7B,data/dataset/dialogues_text.txt,1,biden_gen_query,30,20,Joe Biden ,0921_161044,1.3294058828836395,2.4455979565262846,0.22704430853870386,0.36299397721319904,bert,OxAISH-AL-LLM/wiki_toxic
44,0923_173442,less_new_bash,EleutherAI/gpt-neo-2.7B,data/dataset/dialogues_text.txt,1,none,30,33,Joe Biden ,0923_173442,1.7062721107864665,1.9922103288739066,0.465099199079088,0.45321879038647855,bert,OxAISH-AL-LLM/wiki_toxic
45,0921_181311,less_new_bash,EleutherAI/gpt-neo-2.7B,data/dataset/dialogues_text.txt,1,targeted,30,20,Joe Biden ,0921_181311,1.6835678610063733,2.260346821796572,0.3706900374714418,0.4179923956664399,bert,OxAISH-AL-LLM/wiki_toxic
46,0923_043204,less_new_bash,EleutherAI/gpt-neo-2.7B,data/dataset/dialogues_text.txt,1,",biden_select_query_po",30,33,Joe Biden ,0923_043204,1.1028686790239244,2.3057268520329735,0.4229772946398173,0.425922806016378,bert,OxAISH-AL-LLM/wiki_toxic
47,0922_231357,less_new_bash,EleutherAI/gpt-neo-2.7B,data/dataset/dialogues_text.txt,1,random_targeted,30,33,Joe Biden ,0922_231357,2.2649445594066666,2.1415355900767046,0.3842070954851806,0.42169503824143906,bert,OxAISH-AL-LLM/wiki_toxic
48,0921_120717,less_new_bash,EleutherAI/gpt-neo-2.7B,data/dataset/dialogues_text.txt,1,biden_gen_query_po,30,20,Joe Biden ,0921_120717,1.6580957163879204,2.1946592410865517,0.42187266436494175,0.4371509967975081,bert,OxAISH-AL-LLM/wiki_toxic
49,0922_092119,less_new_bash,EleutherAI/gpt-neo-2.7B,data/dataset/dialogues_text.txt,1,biden_gen_query_po,30,20,Joe Biden ,0922_092119,1.1967071851804143,2.0956852502586956,0.5672781254771897,0.42009560003464785,bert,OxAISH-AL-LLM/wiki_toxic
50,0921_021455,less_new_bash,EleutherAI/gpt-neo-2.7B,data/dataset/dialogues_text.txt,1,gen_query,30,20,Joe Biden ,0921_021455,1.654082042830331,2.2318420170623305,0.3019833532265953,0.3912475651246584,bert,OxAISH-AL-LLM/wiki_toxic
51,0923_121416,less_new_bash,EleutherAI/gpt-neo-2.7B,data/dataset/dialogues_text.txt,1,biden_gen_query,30,33,Joe Biden ,0923_121416,1.8669782362523533,2.2633213618260464,0.42839818869972424,0.4472422782563044,bert,OxAISH-AL-LLM/wiki_toxic
52,0923_093512,less_new_bash,EleutherAI/gpt-neo-2.7B,data/dataset/dialogues_text.txt,1,gen_query,30,33,Joe Biden ,0923_093512,1.4033046164328145,2.3733514017001567,0.4376431199766341,0.42725072272833237,bert,OxAISH-AL-LLM/wiki_toxic
53,0922_041412,less_new_bash,EleutherAI/gpt-neo-2.7B,data/dataset/dialogues_text.txt,1,biden_select_query,30,20,Joe Biden ,0922_041412,1.5218739122861908,2.1310953567615276,0.2817231830364714,0.3857276352897971,bert,OxAISH-AL-LLM/wiki_toxic
54,0921_065420,less_new_bash,EleutherAI/gpt-neo-2.7B,data/dataset/dialogues_text.txt,1,targeted,30,20,Joe Biden ,0921_065420,1.9034930559850873,1.8836403399693038,0.3151074793096909,0.38369910312370215,bert,OxAISH-AL-LLM/wiki_toxic
55,0921_201745,less_new_bash,EleutherAI/gpt-neo-2.7B,data/dataset/dialogues_text.txt,1,none,30,20,Joe Biden ,0921_201745,1.5061549714633398,2.223063542620828,0.3649316581986135,0.3967305574707849,bert,OxAISH-AL-LLM/wiki_toxic
56,0922_064806,less_new_bash,EleutherAI/gpt-neo-2.7B,data/dataset/dialogues_text.txt,1,",biden_select_query_po",30,20,Joe Biden ,0922_064806,3.447373174485706,1.0367930753795522,0.18047535233753956,0.32032455872543847,bert,low
57,0922_203103,less_new_bash,EleutherAI/gpt-neo-2.7B,data/dataset/dialogues_text.txt,1,none,30,20,Joe Biden ,0922_203103,3.7175402641296387,0.844767226125126,0.1564167934037479,0.3010299954278377,bert,low
58,0921_141020,less_new_bash,EleutherAI/gpt-neo-2.7B,data/dataset/dialogues_text.txt,1,gen_query,30,20,Joe Biden ,0921_141020,3.632231688215619,1.107625671297694,0.16252075392930282,0.304717562329263,bert,low
59,0923_145928,less_new_bash,EleutherAI/gpt-neo-2.7B,data/dataset/dialogues_text.txt,1,targeted,30,33,Joe Biden ,0923_145928,3.445812287784758,1.1195428026303735,0.11339240246230647,0.2319252664406511,bert,low
60,0923_020005,less_new_bash,EleutherAI/gpt-neo-2.7B,data/dataset/dialogues_text.txt,1,biden_select_query,30,33,Joe Biden ,0923_020005,3.947836702778226,0.924686137371806,0.14568603481720424,0.3031421373682312,bert,low
61,0922_173804,less_new_bash,EleutherAI/gpt-neo-2.7B,data/dataset/dialogues_text.txt,1,targeted,30,20,Joe Biden ,0922_173804,3.334644445351192,1.6411749381378122,0.24681468514470561,0.3860528371049017,bert,low
62,0921_082858,less_new_bash,EleutherAI/gpt-neo-2.7B,data/dataset/dialogues_text.txt,1,none,30,20,Joe Biden ,0921_082858,3.0166746878198216,1.6814526855951513,0.15605178561998487,0.3006537997702649,bert,low
63,0921_224544,less_new_bash,EleutherAI/gpt-neo-2.7B,data/dataset/dialogues_text.txt,1,biden_gen_query_po,30,20,Joe Biden ,0921_224544,3.577629881245749,0.9582640416880407,0.08871362001324694,0.20358036687908898,bert,low
64,0923_070448,less_new_bash,EleutherAI/gpt-neo-2.7B,data/dataset/dialogues_text.txt,1,biden_gen_query_po,30,33,Joe Biden ,0923_070448,3.3138362669519017,1.3552674862154768,0.10797577378495286,0.23714860129213866,bert,low
65,0921_034813,less_new_bash,EleutherAI/gpt-neo-2.7B,data/dataset/dialogues_text.txt,1,biden_gen_query,30,20,Joe Biden ,0921_034813,3.5121915751979467,1.0374490495258064,0.0883559984199348,0.19604656975305304,bert,low
66,0921_003921,less_new_bash,EleutherAI/gpt-neo-2.7B,data/dataset/dialogues_text.txt,1,biden_gen_query_po,30,20,Joe Biden ,0921_003921,3.3302530461833593,1.001729373192293,0.13000759164459028,0.2750287054346816,bert,low
67,0921_052037,less_new_bash,EleutherAI/gpt-neo-2.7B,data/dataset/dialogues_text.txt,1,query,30,20,Joe Biden ,0921_052037,3.589290282555989,0.9669153655233054,0.2023170558081585,0.34670167108485733,bert,low
68,0922_012008,less_new_bash,EleutherAI/gpt-neo-2.7B,data/dataset/dialogues_text.txt,1,random_targeted,30,20,Joe Biden ,0922_012008,3.638457614751089,1.0096598301384756,0.15006179069556916,0.2745430206704059,bert,low
69,0922_144352,less_new_bash,EleutherAI/gpt-neo-2.7B,data/dataset/dialogues_text.txt,1,biden_gen_query,30,20,Joe Biden ,0922_144352,3.252965041569301,1.3609654668254578,0.19939604273254408,0.3326738619092238,bert,low
70,0922_115558,less_new_bash,EleutherAI/gpt-neo-2.7B,data/dataset/dialogues_text.txt,1,gen_query,30,20,Joe Biden ,0922_115558,3.3373351097106934,1.128890325821653,0.10526927695831373,0.20182799429773077,bert,low
71,0921_161044,less_new_bash,EleutherAI/gpt-neo-2.7B,data/dataset/dialogues_text.txt,1,biden_gen_query,30,20,Joe Biden ,0921_161044,3.6827403221811568,1.1002636953583853,0.16447314439297078,0.3030631545916329,bert,low
72,0923_173442,less_new_bash,EleutherAI/gpt-neo-2.7B,data/dataset/dialogues_text.txt,1,none,30,33,Joe Biden ,0923_173442,3.3877730554058436,1.164493801924917,0.24003547223539845,0.3499703961824314,bert,low
73,0921_181311,less_new_bash,EleutherAI/gpt-neo-2.7B,data/dataset/dialogues_text.txt,1,targeted,30,20,Joe Biden ,0921_181311,3.5072401579292047,1.2229109021322309,0.15878400346680013,0.27961010210394766,bert,low
74,0923_043204,less_new_bash,EleutherAI/gpt-neo-2.7B,data/dataset/dialogues_text.txt,1,",biden_select_query_po",30,33,Joe Biden ,0923_043204,3.494601320652735,0.8899457925094001,0.10630712767098364,0.2473173619766003,bert,low
75,0922_231357,less_new_bash,EleutherAI/gpt-neo-2.7B,data/dataset/dialogues_text.txt,1,random_targeted,30,33,Joe Biden ,0922_231357,3.472070276737213,0.9809209908024744,0.1719214112242861,0.316115761866997,bert,low
76,0921_120717,less_new_bash,EleutherAI/gpt-neo-2.7B,data/dataset/dialogues_text.txt,1,biden_gen_query_po,30,20,Joe Biden ,0921_120717,3.6567981924329485,0.9662487452142572,0.11740996508160606,0.24226500666742623,bert,low
77,0922_092119,less_new_bash,EleutherAI/gpt-neo-2.7B,data/dataset/dialogues_text.txt,1,biden_gen_query_po,30,20,Joe Biden ,0922_092119,3.4274273089000156,0.8959085391695225,0.19796615417691923,0.33174052806690013,bert,low
78,0921_021455,less_new_bash,EleutherAI/gpt-neo-2.7B,data/dataset/dialogues_text.txt,1,gen_query,30,20,Joe Biden ,0921_021455,3.354908122902825,1.0712316128677408,0.18352225757137472,0.31691301293797897,bert,low
79,0923_121416,less_new_bash,EleutherAI/gpt-neo-2.7B,data/dataset/dialogues_text.txt,1,biden_gen_query,30,33,Joe Biden ,0923_121416,3.8414331759725298,0.911460992241255,0.1692638168654715,0.29212779011651996,bert,low
80,0923_093512,less_new_bash,EleutherAI/gpt-neo-2.7B,data/dataset/dialogues_text.txt,1,gen_query,30,33,Joe Biden ,0923_093512,3.7910025197835195,0.8419179501993077,0.16071285867309643,0.28585423211939853,bert,low
81,0922_041412,less_new_bash,EleutherAI/gpt-neo-2.7B,data/dataset/dialogues_text.txt,1,biden_select_query,30,20,Joe Biden ,0922_041412,3.2726474148886546,1.066685883926184,0.1516196589052145,0.2650635744693809,bert,low
82,0921_065420,less_new_bash,EleutherAI/gpt-neo-2.7B,data/dataset/dialogues_text.txt,1,targeted,30,20,Joe Biden ,0921_065420,3.4129207659335363,1.0517463537576663,0.2086328991045732,0.3259207511088315,bert,low
83,0921_201745,less_new_bash,EleutherAI/gpt-neo-2.7B,data/dataset/dialogues_text.txt,1,none,30,20,Joe Biden ,0921_201745,3.0987339317798615,1.2025098717312859,0.21224203877638848,0.34552236761062216,bert,low
84,0922_064806,less_new_bash,EleutherAI/gpt-neo-2.7B,data/dataset/dialogues_text.txt,1,",biden_select_query_po",30,20,Joe Biden ,0922_064806,2.9243735784576055,1.3696438256107115,0.2044157052268496,0.33473688051107675,bert,low
85,0922_203103,less_new_bash,EleutherAI/gpt-neo-2.7B,data/dataset/dialogues_text.txt,1,none,30,20,Joe Biden ,0922_203103,3.4713454700651623,0.9111976805503963,0.1317927400204575,0.2635633316613603,bert,low
86,0921_141020,less_new_bash,EleutherAI/gpt-neo-2.7B,data/dataset/dialogues_text.txt,1,gen_query,30,20,Joe Biden ,0921_141020,3.5172381542977833,1.1479687886174013,0.1442363983563458,0.28173328817481014,bert,low
87,0923_145928,less_new_bash,EleutherAI/gpt-neo-2.7B,data/dataset/dialogues_text.txt,1,targeted,30,33,Joe Biden ,0923_145928,3.369142363468806,1.1171220193523141,0.12187069597365778,0.254418999601096,bert,low
88,0923_020005,less_new_bash,EleutherAI/gpt-neo-2.7B,data/dataset/dialogues_text.txt,1,biden_select_query,30,33,Joe Biden ,0923_020005,3.9310261578786942,0.6905721778621158,0.1663266260764517,0.3102512276558393,bert,low
89,0922_173804,less_new_bash,EleutherAI/gpt-neo-2.7B,data/dataset/dialogues_text.txt,1,targeted,30,20,Joe Biden ,0922_173804,3.6309390664100647,1.1980520126392262,0.19980449301545464,0.3238744939096254,bert,low
90,0921_082858,less_new_bash,EleutherAI/gpt-neo-2.7B,data/dataset/dialogues_text.txt,1,none,30,20,Joe Biden ,0921_082858,3.0798403124014535,1.1604672874649393,0.1409285117461834,0.2796729471133205,bert,low
91,0921_224544,less_new_bash,EleutherAI/gpt-neo-2.7B,data/dataset/dialogues_text.txt,1,biden_gen_query_po,30,20,Joe Biden ,0921_224544,3.3099971896126155,1.0346280356375341,0.12984170034039944,0.26011208381057505,bert,low
92,0923_070448,less_new_bash,EleutherAI/gpt-neo-2.7B,data/dataset/dialogues_text.txt,1,biden_gen_query_po,30,33,Joe Biden ,0923_070448,3.2837438540799275,0.9798582724619295,0.11233370436266774,0.2463850371149915,bert,low
93,0921_034813,less_new_bash,EleutherAI/gpt-neo-2.7B,data/dataset/dialogues_text.txt,1,biden_gen_query,30,20,Joe Biden ,0921_034813,3.4727953246661594,0.9749600196398522,0.1884825087063724,0.30553606134911915,bert,low
94,0921_003921,less_new_bash,EleutherAI/gpt-neo-2.7B,data/dataset/dialogues_text.txt,1,biden_gen_query_po,30,20,Joe Biden ,0921_003921,2.930490713034357,1.3198209122135893,0.12974371542666285,0.25625591689819394,bert,low
95,0921_052037,less_new_bash,EleutherAI/gpt-neo-2.7B,data/dataset/dialogues_text.txt,1,query,30,20,Joe Biden ,0921_052037,3.425143982682909,0.9745508245960152,0.14569771875782558,0.2894569459353478,bert,low
96,0922_012008,less_new_bash,EleutherAI/gpt-neo-2.7B,data/dataset/dialogues_text.txt,1,random_targeted,30,20,Joe Biden ,0922_012008,3.671077603385562,0.8325052154140304,0.16078020266944631,0.294246778667684,bert,low
97,0922_144352,less_new_bash,EleutherAI/gpt-neo-2.7B,data/dataset/dialogues_text.txt,1,biden_gen_query,30,20,Joe Biden ,0922_144352,3.5593342908791135,1.0404221512455254,0.18235975812422112,0.31015082912915964,bert,low
98,0922_115558,less_new_bash,EleutherAI/gpt-neo-2.7B,data/dataset/dialogues_text.txt,1,gen_query,30,20,Joe Biden ,0922_115558,3.300690675065631,1.1313788037470214,0.09430604096546415,0.1831070315777437,bert,low
99,0921_161044,less_new_bash,EleutherAI/gpt-neo-2.7B,data/dataset/dialogues_text.txt,1,biden_gen_query,30,20,Joe Biden ,0921_161044,3.390198386850811,1.003146243331034,0.2467363926504428,0.3654774497397887,bert,low
100,0923_173442,less_new_bash,EleutherAI/gpt-neo-2.7B,data/dataset/dialogues_text.txt,1,none,30,33,Joe Biden ,0923_173442,3.2172327680247172,1.0445611659087948,0.18786673625886796,0.3219019914693873,bert,low
101,0921_181311,less_new_bash,EleutherAI/gpt-neo-2.7B,data/dataset/dialogues_text.txt,1,targeted,30,20,Joe Biden ,0921_181311,2.884940617673454,1.202181080783253,0.21066698261780575,0.3274756230776807,bert,low
102,0923_043204,less_new_bash,EleutherAI/gpt-neo-2.7B,data/dataset/dialogues_text.txt,1,",biden_select_query_po",30,33,Joe Biden ,0923_043204,3.6681820381255377,0.8354644797489219,0.16478808615578427,0.32067360018614416,bert,low
103,0922_231357,less_new_bash,EleutherAI/gpt-neo-2.7B,data/dataset/dialogues_text.txt,1,random_targeted,30,33,Joe Biden ,0922_231357,3.701418615522839,0.8419154256771707,0.17661043851348085,0.31861330996584436,bert,low
104,0921_120717,less_new_bash,EleutherAI/gpt-neo-2.7B,data/dataset/dialogues_text.txt,1,biden_gen_query_po,30,20,Joe Biden ,0921_120717,3.0375713752139184,1.1892688825424818,0.12833507795862498,0.25463985397157785,bert,low
105,0922_092119,less_new_bash,EleutherAI/gpt-neo-2.7B,data/dataset/dialogues_text.txt,1,biden_gen_query_po,30,20,Joe Biden ,0922_092119,3.1154884156726657,1.1675255461333862,0.16547627488173366,0.28922189611399196,bert,low
106,0921_021455,less_new_bash,EleutherAI/gpt-neo-2.7B,data/dataset/dialogues_text.txt,1,gen_query,30,20,Joe Biden ,0921_021455,3.007081917354039,1.0300517921514614,0.0886873053137346,0.241136296039615,bert,low
107,0923_121416,less_new_bash,EleutherAI/gpt-neo-2.7B,data/dataset/dialogues_text.txt,1,biden_gen_query,30,33,Joe Biden ,0923_121416,3.5434085371948423,0.9778753038073416,0.15108850001290972,0.27254083073734897,bert,low
108,0923_093512,less_new_bash,EleutherAI/gpt-neo-2.7B,data/dataset/dialogues_text.txt,1,gen_query,30,33,Joe Biden ,0923_093512,3.229135358617419,1.0029561524825226,0.1923435595318941,0.2996058673386824,bert,low
109,0922_041412,less_new_bash,EleutherAI/gpt-neo-2.7B,data/dataset/dialogues_text.txt,1,biden_select_query,30,20,Joe Biden ,0922_041412,2.702393563198192,1.2084432394907925,0.1843336489872031,0.3158338294312722,bert,low
110,0921_065420,less_new_bash,EleutherAI/gpt-neo-2.7B,data/dataset/dialogues_text.txt,1,targeted,30,20,Joe Biden ,0921_065420,3.047394626197361,1.237460643912356,0.2909570236889912,0.37220686506527545,bert,low
111,0921_201745,less_new_bash,EleutherAI/gpt-neo-2.7B,data/dataset/dialogues_text.txt,1,none,30,20,Joe Biden ,0921_201745,3.1137666468109404,1.1941337797037532,0.25220459228980224,0.354471851724599,bert,low
112,0922_064806,less_new_bash,EleutherAI/gpt-neo-2.7B,data/dataset/dialogues_text.txt,1,",biden_select_query_po",30,20,Joe Biden ,0922_064806,2.438485313029516,1.2926693651890921,0.12158229470896047,0.2259994004896064,bert,high
113,0922_203103,less_new_bash,EleutherAI/gpt-neo-2.7B,data/dataset/dialogues_text.txt,1,none,30,20,Joe Biden ,0922_203103,2.3903532065451145,1.5307230433522945,0.12435858426172108,0.2502933494305265,bert,high
114,0921_141020,less_new_bash,EleutherAI/gpt-neo-2.7B,data/dataset/dialogues_text.txt,1,gen_query,30,20,Joe Biden ,0921_141020,3.0001949600520588,1.2577594131879672,0.15015129941249533,0.2724864479726055,bert,high
115,0923_145928,less_new_bash,EleutherAI/gpt-neo-2.7B,data/dataset/dialogues_text.txt,1,targeted,30,33,Joe Biden ,0923_145928,2.555716464916865,1.598304654018388,0.21909829775714093,0.348282476644611,bert,high
116,0923_020005,less_new_bash,EleutherAI/gpt-neo-2.7B,data/dataset/dialogues_text.txt,1,biden_select_query,30,33,Joe Biden ,0923_020005,3.12302544961373,1.2062462086672756,0.1498137295988965,0.28292649165913086,bert,high
117,0922_173804,less_new_bash,EleutherAI/gpt-neo-2.7B,data/dataset/dialogues_text.txt,1,targeted,30,20,Joe Biden ,0922_173804,2.9224222226157073,1.4097624565695501,0.2666424196601535,0.37166273542888845,bert,high
118,0921_082858,less_new_bash,EleutherAI/gpt-neo-2.7B,data/dataset/dialogues_text.txt,1,none,30,20,Joe Biden ,0921_082858,2.7519807776524905,1.382454607930754,0.12942834920527058,0.252660774749314,bert,high
119,0921_224544,less_new_bash,EleutherAI/gpt-neo-2.7B,data/dataset/dialogues_text.txt,1,biden_gen_query_po,30,20,Joe Biden ,0921_224544,2.4346164417940948,1.5789884817053494,0.16045312486433735,0.29625233308417287,bert,high
120,0923_070448,less_new_bash,EleutherAI/gpt-neo-2.7B,data/dataset/dialogues_text.txt,1,biden_gen_query_po,30,33,Joe Biden ,0923_070448,2.8760705285129093,1.3262706422728658,0.0841544874322911,0.198951038548824,bert,high
121,0921_034813,less_new_bash,EleutherAI/gpt-neo-2.7B,data/dataset/dialogues_text.txt,1,biden_gen_query,30,20,Joe Biden ,0921_034813,2.977887169591018,1.3420983352132956,0.2100474178469518,0.3133473368999469,bert,high
122,0921_003921,less_new_bash,EleutherAI/gpt-neo-2.7B,data/dataset/dialogues_text.txt,1,biden_gen_query_po,30,20,Joe Biden ,0921_003921,2.092402635585694,1.9045457367617777,0.19677663289032699,0.32767261498320244,bert,high
123,0921_052037,less_new_bash,EleutherAI/gpt-neo-2.7B,data/dataset/dialogues_text.txt,1,query,30,20,Joe Biden ,0921_052037,3.14750667200202,1.5673418892232889,0.2001553985977634,0.3372924895332714,bert,high
124,0922_012008,less_new_bash,EleutherAI/gpt-neo-2.7B,data/dataset/dialogues_text.txt,1,random_targeted,30,20,Joe Biden ,0922_012008,3.2041996135598136,1.1968100805275177,0.18760302286994243,0.3170983435349604,bert,high
125,0922_144352,less_new_bash,EleutherAI/gpt-neo-2.7B,data/dataset/dialogues_text.txt,1,biden_gen_query,30,20,Joe Biden ,0922_144352,3.2548267600082217,1.0381550412644631,0.13180352945900745,0.27691114579406206,bert,high
126,0922_115558,less_new_bash,EleutherAI/gpt-neo-2.7B,data/dataset/dialogues_text.txt,1,gen_query,30,20,Joe Biden ,0922_115558,2.5682284764590717,1.7385921537524087,0.1823530446092177,0.31062659409266535,bert,high
127,0921_161044,less_new_bash,EleutherAI/gpt-neo-2.7B,data/dataset/dialogues_text.txt,1,biden_gen_query,30,20,Joe Biden ,0921_161044,2.6775102494727996,1.4980960792403415,0.13315712353436365,0.2616105579824553,bert,high
128,0923_173442,less_new_bash,EleutherAI/gpt-neo-2.7B,data/dataset/dialogues_text.txt,1,none,30,33,Joe Biden ,0923_173442,2.5879284594030607,1.4474351013193454,0.29448225866681677,0.38909441969720004,bert,high
129,0921_181311,less_new_bash,EleutherAI/gpt-neo-2.7B,data/dataset/dialogues_text.txt,1,targeted,30,20,Joe Biden ,0921_181311,3.0768296534106847,1.087915977430667,0.22663856676358374,0.35234057014298514,bert,high
130,0923_043204,less_new_bash,EleutherAI/gpt-neo-2.7B,data/dataset/dialogues_text.txt,1,",biden_select_query_po",30,33,Joe Biden ,0923_043204,2.8578315104047456,1.3379336375842363,0.14418429509359634,0.24749477592307023,bert,high
131,0922_231357,less_new_bash,EleutherAI/gpt-neo-2.7B,data/dataset/dialogues_text.txt,1,random_targeted,30,33,Joe Biden ,0922_231357,2.9857362586827505,1.2357437499793185,0.17801176522681045,0.3066946914113574,bert,high
132,0921_120717,less_new_bash,EleutherAI/gpt-neo-2.7B,data/dataset/dialogues_text.txt,1,biden_gen_query_po,30,20,Joe Biden ,0921_120717,2.9023470048393523,1.0909485886599473,0.3165153860325171,0.4194267430688049,bert,high
133,0922_092119,less_new_bash,EleutherAI/gpt-neo-2.7B,data/dataset/dialogues_text.txt,1,biden_gen_query_po,30,20,Joe Biden ,0922_092119,2.3305420534064374,1.4039410925158946,0.2008585377618493,0.32112336573453004,bert,high
134,0921_021455,less_new_bash,EleutherAI/gpt-neo-2.7B,data/dataset/dialogues_text.txt,1,gen_query,30,20,Joe Biden ,0921_021455,2.85488735103891,1.4023634047129196,0.12448710969848824,0.24391795741301223,bert,high
135,0923_121416,less_new_bash,EleutherAI/gpt-neo-2.7B,data/dataset/dialogues_text.txt,1,biden_gen_query,30,33,Joe Biden ,0923_121416,2.3768013774284293,1.7024467419255012,0.21090056488312603,0.3369483571562115,bert,high
136,0923_093512,less_new_bash,EleutherAI/gpt-neo-2.7B,data/dataset/dialogues_text.txt,1,gen_query,30,33,Joe Biden ,0923_093512,2.456101819606764,1.4630168865135529,0.15466917678713799,0.29413166438367233,bert,high
137,0922_041412,less_new_bash,EleutherAI/gpt-neo-2.7B,data/dataset/dialogues_text.txt,1,biden_select_query,30,20,Joe Biden ,0922_041412,1.993205957469486,1.6044704242059837,0.11199243374479313,0.241524570018386,bert,high
138,0921_065420,less_new_bash,EleutherAI/gpt-neo-2.7B,data/dataset/dialogues_text.txt,1,targeted,30,20,Joe Biden ,0921_065420,2.6299506528746512,1.6688576427325563,0.12793617358519918,0.23346566150412365,bert,high
139,0921_201745,less_new_bash,EleutherAI/gpt-neo-2.7B,data/dataset/dialogues_text.txt,1,none,30,20,Joe Biden ,0921_201745,2.722907557373955,1.2507547491196331,0.19643156738796583,0.34102636840745476,bert,high
140,0922_064806,less_new_bash,EleutherAI/gpt-neo-2.7B,data/dataset/dialogues_text.txt,1,",biden_select_query_po",30,20,Joe Biden ,0922_064806,2.2246338912241517,1.4976768809787133,0.30431799508542534,0.395183685873505,bert,high
141,0922_203103,less_new_bash,EleutherAI/gpt-neo-2.7B,data/dataset/dialogues_text.txt,1,none,30,20,Joe Biden ,0922_203103,2.2061805035031976,1.8342418802880127,0.2545511687196614,0.3596199780794927,bert,high
142,0921_141020,less_new_bash,EleutherAI/gpt-neo-2.7B,data/dataset/dialogues_text.txt,1,gen_query,30,20,Joe Biden ,0921_141020,2.136684407613107,1.78724069645405,0.12659589675742955,0.27920324173856426,bert,high
143,0923_145928,less_new_bash,EleutherAI/gpt-neo-2.7B,data/dataset/dialogues_text.txt,1,targeted,30,33,Joe Biden ,0923_145928,2.4600768389091607,1.414689712359862,0.22694041191910705,0.3600137877080534,bert,high
144,0923_020005,less_new_bash,EleutherAI/gpt-neo-2.7B,data/dataset/dialogues_text.txt,1,biden_select_query,30,33,Joe Biden ,0923_020005,3.298042049010595,1.0323070009077158,0.08095922814460382,0.21672749238740113,bert,high
145,0922_173804,less_new_bash,EleutherAI/gpt-neo-2.7B,data/dataset/dialogues_text.txt,1,targeted,30,20,Joe Biden ,0922_173804,2.8508385916550956,1.2327336646275475,0.30934325518042205,0.4045300316553711,bert,high
146,0921_082858,less_new_bash,EleutherAI/gpt-neo-2.7B,data/dataset/dialogues_text.txt,1,none,30,20,Joe Biden ,0921_082858,2.438964015671185,1.5113716335632956,0.20151010497162739,0.31597202277867004,bert,high
147,0921_224544,less_new_bash,EleutherAI/gpt-neo-2.7B,data/dataset/dialogues_text.txt,1,biden_gen_query_po,30,20,Joe Biden ,0921_224544,2.1546744864788794,1.5398163810764345,0.17862253612838686,0.29164707065843287,bert,high
148,0923_070448,less_new_bash,EleutherAI/gpt-neo-2.7B,data/dataset/dialogues_text.txt,1,biden_gen_query_po,30,33,Joe Biden ,0923_070448,2.2533768569784507,1.4621520873912794,0.1825810630772529,0.32626135054712757,bert,high
149,0921_034813,less_new_bash,EleutherAI/gpt-neo-2.7B,data/dataset/dialogues_text.txt,1,biden_gen_query,30,20,Joe Biden ,0921_034813,1.9482103486855824,1.622812681390488,0.2537530282556656,0.3675235272005374,bert,high
150,0921_003921,less_new_bash,EleutherAI/gpt-neo-2.7B,data/dataset/dialogues_text.txt,1,biden_gen_query_po,30,20,Joe Biden ,0921_003921,1.8364614940115385,1.589316430485496,0.1339328013404849,0.2731247335270678,bert,high
151,0921_052037,less_new_bash,EleutherAI/gpt-neo-2.7B,data/dataset/dialogues_text.txt,1,query,30,20,Joe Biden ,0921_052037,2.8599853004728044,1.556746240475262,0.3306829868871275,0.4009578558656399,bert,high
152,0922_012008,less_new_bash,EleutherAI/gpt-neo-2.7B,data/dataset/dialogues_text.txt,1,random_targeted,30,20,Joe Biden ,0922_012008,2.48203615631376,1.2859993728440406,0.20319829348452567,0.3317456313925768,bert,high
153,0922_144352,less_new_bash,EleutherAI/gpt-neo-2.7B,data/dataset/dialogues_text.txt,1,biden_gen_query,30,20,Joe Biden ,0922_144352,2.823424642462106,1.3707078935491082,0.1629588064388372,0.30395743771572103,bert,high
154,0922_115558,less_new_bash,EleutherAI/gpt-neo-2.7B,data/dataset/dialogues_text.txt,1,gen_query,30,20,Joe Biden ,0922_115558,2.658367029967762,1.3833505887161897,0.11875763129154664,0.2528534900297524,bert,high
155,0921_161044,less_new_bash,EleutherAI/gpt-neo-2.7B,data/dataset/dialogues_text.txt,1,biden_gen_query,30,20,Joe Biden ,0921_161044,2.654655839715685,1.284323632561863,0.2560287998168774,0.36335481782692675,bert,high
156,0923_173442,less_new_bash,EleutherAI/gpt-neo-2.7B,data/dataset/dialogues_text.txt,1,none,30,33,Joe Biden ,0923_173442,2.381471866653079,1.3666649259663717,0.18023310098353595,0.303814767449126,bert,high
157,0921_181311,less_new_bash,EleutherAI/gpt-neo-2.7B,data/dataset/dialogues_text.txt,1,targeted,30,20,Joe Biden ,0921_181311,2.16219332530385,1.3269211584966993,0.28525791751287344,0.38723424452423544,bert,high
158,0923_043204,less_new_bash,EleutherAI/gpt-neo-2.7B,data/dataset/dialogues_text.txt,1,",biden_select_query_po",30,33,Joe Biden ,0923_043204,2.46605253620683,1.2772083639990697,0.26048895700313596,0.38599730352480505,bert,high
159,0922_231357,less_new_bash,EleutherAI/gpt-neo-2.7B,data/dataset/dialogues_text.txt,1,random_targeted,30,33,Joe Biden ,0922_231357,2.8140107311663174,1.5524896308913507,0.23668830274116426,0.3473702251468415,bert,high
160,0921_120717,less_new_bash,EleutherAI/gpt-neo-2.7B,data/dataset/dialogues_text.txt,1,biden_gen_query_po,30,20,Joe Biden ,0921_120717,2.5868236536071416,1.418809878173549,0.26375141677202746,0.35418885483165974,bert,high
161,0922_092119,less_new_bash,EleutherAI/gpt-neo-2.7B,data/dataset/dialogues_text.txt,1,biden_gen_query_po,30,20,Joe Biden ,0922_092119,1.9142330044082232,1.4440373128618003,0.1528668474472527,0.2530040299183443,bert,high
162,0921_021455,less_new_bash,EleutherAI/gpt-neo-2.7B,data/dataset/dialogues_text.txt,1,gen_query,30,20,Joe Biden ,0921_021455,2.436809078568504,1.2073512791964336,0.18685004373990177,0.30628652711713905,bert,high
163,0923_121416,less_new_bash,EleutherAI/gpt-neo-2.7B,data/dataset/dialogues_text.txt,1,biden_gen_query,30,33,Joe Biden ,0923_121416,2.4129701392659975,1.3203658298219159,0.23293114303045773,0.3486595262120182,bert,high
164,0923_093512,less_new_bash,EleutherAI/gpt-neo-2.7B,data/dataset/dialogues_text.txt,1,gen_query,30,33,Joe Biden ,0923_093512,2.39297139247702,1.307615839783512,0.23501739425340756,0.34127939700089677,bert,high
165,0922_041412,less_new_bash,EleutherAI/gpt-neo-2.7B,data/dataset/dialogues_text.txt,1,biden_select_query,30,20,Joe Biden ,0922_041412,2.080092510829369,1.3504866267880684,0.17325955295347653,0.2802622925037586,bert,high
166,0921_065420,less_new_bash,EleutherAI/gpt-neo-2.7B,data/dataset/dialogues_text.txt,1,targeted,30,20,Joe Biden ,0921_065420,2.398118839909633,1.1222968205839345,0.2843857197883716,0.39131790198772515,bert,high
167,0921_201745,less_new_bash,EleutherAI/gpt-neo-2.7B,data/dataset/dialogues_text.txt,1,none,30,20,Joe Biden ,0921_201745,2.554797413093703,1.1857184066481783,0.1519565629007827,0.2908528356937992,bert,high
